title,url
Assistant Chef de Projet Marketing Horlogerie-Joaillerie F/H - Stage,https://fr.linkedin.com/jobs/view/assistant-chef-de-projet-marketing-horlogerie-joaillerie-f-h-stage-at-christian-dior-couture-3778830198
Zerto | Junior Account Executive UKIMEA,https://uk.linkedin.com/jobs/view/zerto-junior-account-executive-ukimea-at-zerto-3778828110
Stagiaire Merchandising,https://fr.linkedin.com/jobs/view/stagiaire-merchandising-at-coty-3778822686
Human Resources Officer,https://be.linkedin.com/jobs/view/human-resources-officer-at-vertuoza-3783663739
Practice Coordinator  - Law Firm,https://www.linkedin.com/jobs/view/practice-coordinator-law-firm-at-jones-day-3783667099
Assistant Maintenance Manager,https://www.linkedin.com/jobs/view/assistant-maintenance-manager-at-c-w-services-3778825580
Legal Support,https://kr.linkedin.com/jobs/view/legal-support-at-kobre-kim-3782013054
Investor Relations Manager,https://consider.com/boards/job/95a37a93-669b-49dd-bfac-2ef5941f1d18
Ruby on Rails Developer,https://uk.linkedin.com/jobs/view/ruby-on-rails-developer-at-clevertech-3783659284
Early Careers Recruitment Coordinator,https://uk.linkedin.com/jobs/view/early-careers-recruitment-coordinator-at-allen-overy-3783657473
Robotic Process Automation Lead,https://ca.linkedin.com/jobs/view/robotic-process-automation-lead-at-spruce-infotech-inc-3781899759
Office Clerk,https://lb.linkedin.com/jobs/view/office-clerk-at-fao-3782003205
Junior Banking Operations Analyst,https://ch.linkedin.com/jobs/view/junior-banking-operations-analyst-at-teksystems-3781899416
"Associate Scientist & Science Content Writer (top 3% revenue in S21, backed by Y",https://www.linkedin.com/jobs/view/associate-scientist-science-content-writer-top-3%25-revenue-in-s21-backed-by-y-at-genomelink-3781898587
Senior Portfolio Manager for Cleanroom Innovation,https://dk.linkedin.com/jobs/view/senior-portfolio-manager-for-cleanroom-innovation-at-novo-nordisk-3781898343
"Senior Frontend Engineer - (Remote, India)",https://in.linkedin.com/jobs/view/senior-frontend-engineer-remote-india-at-level-ai-3783653079
Quality Assurance Supervisor - 2nd Shift,https://www.linkedin.com/jobs/view/quality-assurance-supervisor-2nd-shift-at-dessert-holdings-3783652076
Sound Engineer,https://in.linkedin.com/jobs/view/sound-engineer-at-pocket-fm-3781896480
Customer Service Apprenticeship - Level 3,https://uk.linkedin.com/jobs/view/customer-service-apprenticeship-level-3-at-thg-3783647588
Machine Learning Engineer,https://nl.linkedin.com/jobs/view/machine-learning-engineer-at-xebia-3783647690
Finance Officer - South Africa,https://za.linkedin.com/jobs/view/finance-officer-south-africa-at-emirates-3778813986
FMCG Product Manager,https://ae.linkedin.com/jobs/view/fmcg-product-manager-at-majid-al-futtaim-3781888115
TypeScript Engineer - Core3,https://ua.linkedin.com/jobs/view/typescript-engineer-core3-at-wix-3781883275
MongoDB Administrator,https://pl.linkedin.com/jobs/view/mongodb-administrator-at-euroclear-3783645400
Engineering Manager,https://ar.linkedin.com/jobs/view/engineering-manager-at-ual%C3%A1-3781878894
Product Manager II,https://in.linkedin.com/jobs/view/product-manager-ii-at-razorpay-3778820009
Associate Director Corporate Finance,https://in.linkedin.com/jobs/view/associate-director-corporate-finance-at-zepto-3781880543
Market Communications Manager - Mashreq Digital Bank Pakistan,https://pk.linkedin.com/jobs/view/market-communications-manager-mashreq-digital-bank-pakistan-at-mashreq-3781877932
Short-Term Restoration Communications Manager,https://ua.linkedin.com/jobs/view/short-term-restoration-communications-manager-at-chemonics-international-3783639421
Internship/Contractor - Business Development & Sales,https://sg.linkedin.com/jobs/view/internship-contractor-business-development-sales-at-calyx-global-3778816501
IT Support - Part-Time,https://pk.linkedin.com/jobs/view/it-support-part-time-at-idenfo-3781879375
Assistant Manager – Assurance GSC’s,https://in.linkedin.com/jobs/view/assistant-manager-%E2%80%93-assurance-gsc%E2%80%99s-at-hsbc-3783448236
HR Data Expert,https://be.linkedin.com/jobs/view/hr-data-expert-at-axa-3783637050
Assistant Project Manager,https://in.linkedin.com/jobs/view/assistant-project-manager-at-nomura-3783632665
Accountant,https://de.linkedin.com/jobs/view/accountant-at-turkish-airlines-3781871945
Mortgage Advisor,https://ae.linkedin.com/jobs/view/mortgage-advisor-at-rakbank-3778814479
Senior Electrical Engineer,https://gr.linkedin.com/jobs/view/senior-electrical-engineer-at-enoia-3782003253
Executive Assistant,https://www.linkedin.com/jobs/view/executive-assistant-at-sinclair-inc-3778817334
OC - Program Manager SI F/H,https://fr.linkedin.com/jobs/view/oc-program-manager-si-f-h-at-orange-3783625531
WBCG: Credit Analyst NEG,https://in.linkedin.com/jobs/view/wbcg-credit-analyst-neg-at-axis-bank-3781870884
Human Resources Business Partner,https://fr.linkedin.com/jobs/view/human-resources-business-partner-at-murex-3783628019
Functional Analyst - Outsourcing Risk,https://in.linkedin.com/jobs/view/functional-analyst-outsourcing-risk-at-hdfc-bank-3781874666
Internal Sales Person,https://uk.linkedin.com/jobs/view/internal-sales-person-at-rexel-3783627156
Back End Developer,https://pk.linkedin.com/jobs/view/back-end-developer-at-priceoye-3781874505
Physical Design Engineer,https://il.linkedin.com/jobs/view/physical-design-engineer-at-cisco-3783625137
Driver,https://www.linkedin.com/jobs/view/driver-at-cedarhurst-senior-living-3781876128
General Accountant,https://ro.linkedin.com/jobs/view/general-accountant-at-slb-3783620930
Accounting Intern (Spain),https://es.linkedin.com/jobs/view/accounting-intern-spain-at-auxadi-3783621750
Senior Solutions Consultant,https://in.linkedin.com/jobs/view/senior-solutions-consultant-at-new-relic-3783619553
Partnership Manager Italy & France (m/f/d),https://it.linkedin.com/jobs/view/partnership-manager-italy-france-m-f-d-at-planradar-3783619554
Gestionnaire de stock Regional Distri Center B2B (F/H),https://fr.linkedin.com/jobs/view/gestionnaire-de-stock-regional-distri-center-b2b-f-h-at-christian-dior-couture-3778827572
Brand Content Senior Manager,https://fr.linkedin.com/jobs/view/brand-content-senior-manager-at-coty-3778823618
Practice Coordinator  - Law Firm,https://www.linkedin.com/jobs/view/practice-coordinator-law-firm-at-jones-day-3783664559
Assistant Maintenance Manager,https://www.linkedin.com/jobs/view/assistant-maintenance-manager-at-c-w-services-3778823650
Legal Billing Specialist,https://www.linkedin.com/jobs/view/legal-billing-specialist-at-jones-day-3783659791
Assistant Maintenance Manager,https://www.linkedin.com/jobs/view/assistant-maintenance-manager-at-c-w-services-3778825384
Assistant Maintenance Manager,https://www.linkedin.com/jobs/view/assistant-maintenance-manager-at-c-w-services-3778825279
Assistant Maintenance Manager,https://www.linkedin.com/jobs/view/assistant-maintenance-manager-at-c-w-services-3778824323
Ruby on Rails Developer,https://www.linkedin.com/jobs/view/ruby-on-rails-developer-at-clevertech-3783657373
Animal Health Specialist (Epidemiology),https://pk.linkedin.com/jobs/view/animal-health-specialist-epidemiology-at-fao-3782003204
Construction Engineer,https://kg.linkedin.com/jobs/view/construction-engineer-at-fao-3782003203
Administrative Assistant - Finance,https://ao.linkedin.com/jobs/view/administrative-assistant-finance-at-fao-3782006062
"Information Management Specialist, SC9",https://bd.linkedin.com/jobs/view/information-management-specialist-sc9-at-fao-3782002402
Natural Resources Officer (Climate Change),https://it.linkedin.com/jobs/view/natural-resources-officer-climate-change-at-fao-3782004137
National Forest Governance and Capacity Development Specialist,https://am.linkedin.com/jobs/view/national-forest-governance-and-capacity-development-specialist-at-fao-3782000601
Enterprise Risk Management Specialist,https://it.linkedin.com/jobs/view/enterprise-risk-management-specialist-at-fao-3782001510
Ruby on Rails Developer,https://de.linkedin.com/jobs/view/ruby-on-rails-developer-at-clevertech-3783652479
Ruby on Rails Developer,https://se.linkedin.com/jobs/view/ruby-on-rails-developer-at-clevertech-3783650633
Ruby on Rails Developer,https://se.linkedin.com/jobs/view/ruby-on-rails-developer-at-clevertech-3783650623
Ruby on Rails Developer,https://se.linkedin.com/jobs/view/ruby-on-rails-developer-at-clevertech-3783648948
Ruby on Rails Developer,https://ma.linkedin.com/jobs/view/ruby-on-rails-developer-at-clevertech-3783651389
Ruby on Rails Developer,https://al.linkedin.com/jobs/view/ruby-on-rails-developer-at-clevertech-3783650591
Ruby on Rails Developer,https://es.linkedin.com/jobs/view/ruby-on-rails-developer-at-clevertech-3783650585
Ruby on Rails Developer,https://co.linkedin.com/jobs/view/ruby-on-rails-developer-at-clevertech-3783649639
Ruby on Rails Developer,https://pl.linkedin.com/jobs/view/ruby-on-rails-developer-at-clevertech-3783648923
Ruby on Rails Developer,https://za.linkedin.com/jobs/view/ruby-on-rails-developer-at-clevertech-3783648919
Ruby on Rails Developer,https://cl.linkedin.com/jobs/view/ruby-on-rails-developer-at-clevertech-3783652276
Ruby on Rails Developer,https://ee.linkedin.com/jobs/view/ruby-on-rails-developer-at-clevertech-3783653223
"Par-time Email Marketing Manager (top 3% revenue in S21, backed by YC Continuity",https://www.linkedin.com/jobs/view/par-time-email-marketing-manager-top-3%25-revenue-in-s21-backed-by-yc-continuity-at-genomelink-3781896696
"Health Marketing Specialist (top 3% revenue in S21, backed by YC Continuity)",https://www.linkedin.com/jobs/view/health-marketing-specialist-top-3%25-revenue-in-s21-backed-by-yc-continuity-at-genomelink-3781896690
Ruby on Rails Developer,https://nl.linkedin.com/jobs/view/ruby-on-rails-developer-at-clevertech-3783652252
Ruby on Rails Developer,https://it.linkedin.com/jobs/view/ruby-on-rails-developer-at-clevertech-3783654080
Ruby on Rails Developer,https://ba.linkedin.com/jobs/view/ruby-on-rails-developer-at-clevertech-3783648885
Ruby on Rails Developer,https://ca.linkedin.com/jobs/view/ruby-on-rails-developer-at-clevertech-3783647990
Ruby on Rails Developer,https://pt.linkedin.com/jobs/view/ruby-on-rails-developer-at-clevertech-3783651267
Ruby on Rails Developer,https://ug.linkedin.com/jobs/view/ruby-on-rails-developer-at-clevertech-3783648816
We're looking for an enthusiastic BMS Supporter!,https://dk.linkedin.com/jobs/view/we-re-looking-for-an-enthusiastic-bms-supporter%21-at-novo-nordisk-3781896438
Inspection Professional,https://dk.linkedin.com/jobs/view/inspection-professional-at-novo-nordisk-3781894648
Laboratory Information Management System (LIMS) Specialist,https://dk.linkedin.com/jobs/view/laboratory-information-management-system-lims-specialist-at-novo-nordisk-3781892843
Senior Power BI Developer,https://dk.linkedin.com/jobs/view/senior-power-bi-developer-at-novo-nordisk-3781897367
Quality Assurance Professional - Primary Packaging,https://dk.linkedin.com/jobs/view/quality-assurance-professional-primary-packaging-at-novo-nordisk-3781895524
Senior Project Manager in Project Office - Corporate Procurement,https://dk.linkedin.com/jobs/view/senior-project-manager-in-project-office-corporate-procurement-at-novo-nordisk-3781899006
Associate Manager,https://dk.linkedin.com/jobs/view/associate-manager-at-novo-nordisk-3781895484
"Project Manager, CMC Development",https://dk.linkedin.com/jobs/view/project-manager-cmc-development-at-novo-nordisk-3781896437
GMP Coordinator,https://dk.linkedin.com/jobs/view/gmp-coordinator-at-novo-nordisk-3781893777
Senior Project Portfolio Manager,https://dk.linkedin.com/jobs/view/senior-project-portfolio-manager-at-novo-nordisk-3781896434
Senior IT Project Manager,https://dk.linkedin.com/jobs/view/senior-it-project-manager-at-novo-nordisk-3781893811
Technical Equipment Responsible,https://dk.linkedin.com/jobs/view/technical-equipment-responsible-at-novo-nordisk-3781893812
Senior RA Clinical Professional,https://dk.linkedin.com/jobs/view/senior-ra-clinical-professional-at-novo-nordisk-3781892844
"Engineer within Heating, Ventilation, & Air Conditioning for Technical Support Team",https://dk.linkedin.com/jobs/view/engineer-within-heating-ventilation-air-conditioning-for-technical-support-team-at-novo-nordisk-3781895523
